<?xml version="1.0" encoding="utf-8"?>
<odoo>
    <data noupdate="0">
        <record id="email_template_registration" model="mail.template">
            <field name="name">Event Registration</field>
            <field name="model_id" ref="event_management.model_event_registration"/>
            <field name="subject">Event Registration Confirmed: ${object.state}</field>
            <field name="email_from">${object.event_id.organizer_id.email}</field>
            <field name="email_to">${object.attendee_id.email}</field>
            <field name="body_html" type="html">
                <div style="margin: 0px; padding: 0px;">
                    <p style="margin: 0px; padding: 0px; font-size: 13px;">
                        Hello,
                        <t t-out="object.attendee_id.name"></t>
                        <br/><br/>
                        Your registration for the event 
                        <t t-out="object.event_id.name"></t>
                        has been 
                        <t t-out="object.state"></t>
                        <br/><br/>
                        Thank You
                        <br/><br/>
                    </p>
                </div>
            </field>
        </record>
        
        <record id="email_template_cancellation" model="mail.template">
            <field name="name">Event Cancellation</field>
            <field name="model_id" ref="event_management.model_event_registration"/>
            <field name="subject">Event Registration Cancellation: ${object.state}</field>
            <field name="email_from">${object.event_id.organizer_id.email}</field>
            <field name="email_to">${object.attendee_id.email}</field>
            <field name="body_html" type="html">
                <div style="margin: 0px; padding: 0px;">
                    <p style="margin: 0px; padding: 0px; font-size: 13px;">
                        Hello,
                        <t t-out="object.attendee_id.name"></t>
                        <br/><br/>
                        Your registration for the event 
                        <t t-out="object.event_id.name"></t>
                        has been 
                        <t t-out="object.state"></t>
                        <br/><br/>
                        We are sorry for any inconvenience.
                        <br/><br/>
                        Thank You
                        <br/><br/>
                    </p>
                </div>
            </field>
        </record>
    </data>
</odoo>