id,name,model_id:id,group_id:id,perm_read,perm_write,perm_create,perm_unlink
hospital.access_hospital_doctor,access_hospital_doctor,hospital.model_hospital_doctor,,1,1,1,1
hospital.access_hospital_appointment,access_hospital_appointment,hospital.model_hospital_appointment,,1,1,1,1
hospital.access_hospital_department,access_hospital_department,hospital.model_hospital_department,,1,1,1,1
hospital.access_hospital_medical_history,access_hospital_medical_history,hospital.model_hospital_medical_history,,1,1,1,1
hospital.access_hospital_patient,access_hospital_patient,hospital.model_hospital_patient,,1,1,1,1